Modelis,Galutinė vertė ($),Grąža (%),Metinė grąža (%),Sandorių skaičius,Sėkmingų sandorių (%),Max drawdown (%),Sharpe rodiklis
Atsitiktinis spėjimas,12451.129076881194,24.511290768811943,34.37578008577778,126,52.38095238095239,26.092564823537355,0.9155189012314875
Random Forest,12177.79333785788,21.7779333785788,30.415184082066137,34,70.58823529411765,9.30042573045048,1.1186045431365848
Logistinė regresija,11829.284887191649,18.292848871916483,25.41007607778112,72,55.55555555555556,13.376062282015633,0.8413813276775831
XGBoost,10563.085225744484,5.63085225744484,7.662605257191202,24,75.0,11.402937025699522,0.4195582622294077
Buy and Hold,10000.0,0.0,0.0,0,0.0,0.0,0.0
