{
    "model_type": "CNN-LSTM",
    "input_shape": [
        48,
        5
    ],
    "sequence_length": 48,
    "target_column": "close",
    "metrics": {
        "mse": 5161102.651958544,
        "rmse": 2271.8060330843705,
        "mae": 1666.4268938654648,
        "r2": 0.9236970097589243,
        "mape": 1.7378716638276317
    }
}