{
    "model_type": "CNN-LSTM",
    "input_shape": [
        48,
        5
    ],
    "sequence_length": 48,
    "target_column": "close",
    "metrics": {
        "mse": 309599698.27716523,
        "rmse": 17595.445384450068,
        "mae": 13270.225784693588,
        "r2": -0.15381916229487191,
        "mape": 14.369158595397074
    }
}