{
    "model_type": "CNN",
    "input_shape": [
        60,
        5
    ],
    "sequence_length": 60,
    "target_column": "close",
    "metrics": {
        "mse": 166308291.8394004,
        "rmse": 12896.05722069348,
        "mae": 12266.772617684286,
        "r2": 0.38022279765158684,
        "mape": 15.121989605018097
    }
}