{
    "model_type": "CNN",
    "input_shape": [
        60,
        5
    ],
    "sequence_length": 60,
    "target_column": "close",
    "metrics": {
        "mse": 3572114.4297925,
        "rmse": 1890.003817401568,
        "mae": 1534.3150003841583,
        "r2": 0.9471958149870106,
        "mape": 1.6848344367505301
    }
}