{
    "ensemble_mean": {
        "rmse": 830.3020646602434,
        "mae": 622.7108543259013,
        "r2": 0.9897815171959223,
        "mape": 0.6583648473923351
    },
    "ensemble_weighted": {
        "rmse": 404.6727988189712,
        "mae": 288.16236386111154,
        "r2": 0.9975727069695538,
        "mape": 0.3165355405101763
    }
}