{
    "ensemble_mean": {
        "rmse": 958.5315186354849,
        "mae": 658.0484731600887,
        "r2": 0.9876305152696574,
        "mape": 0.6807576141584613
    },
    "ensemble_weighted": {
        "rmse": 670.9086864054788,
        "mae": 473.4913360126077,
        "r2": 0.9939400974200585,
        "mape": 0.4975251909110392
    }
}