{
    "model_type": "GRU",
    "input_shape": [
        10,
        5
    ],
    "sequence_length": 10,
    "target_column": "close",
    "metrics": {
        "mse": 105871.87685574578,
        "rmse": 325.3795888738963,
        "mae": 224.63801517948983,
        "r2": 0.9984264324592508,
        "mape": 0.2522747901127449
    }
}