{
    "model_type": "GRU",
    "input_shape": [
        10,
        5
    ],
    "sequence_length": 10,
    "target_column": "close",
    "metrics": {
        "mse": 1670178.9113963847,
        "rmse": 1292.3540193756448,
        "mae": 1003.5788250902925,
        "r2": 0.9937752987969586,
        "mape": 1.2041467761981786
    }
}