{
    "model_type": "Transformer",
    "input_shape": [
        24,
        5
    ],
    "sequence_length": 24,
    "target_column": "close",
    "params": {
        "d_model": 64,
        "num_heads": 4,
        "ff_dim": 128,
        "dropout": 0.1
    },
    "metrics": {
        "mse": 54189.665182220524,
        "rmse": 232.78673755654665,
        "mae": 149.7985544131203,
        "r2": 0.9997980277602768,
        "mape": 0.1866005043998494
    }
}